sku,name,base_image,small_image,thumbnail_image,additional_images,store_view_code,attribute_set_code,product_type,categories,product_websites,description,tax_class_name,visibility,price,url_key,meta_title,qty
Razer Blade 15 Base,Razer Blade 15 Base,Blade15_Base_2018_00.jpg,Blade15_Base_2018_00.jpg,Blade15_Base_2018_00.jpg,Blade15_Base_2018_00.jpg,,Default,simple,"Root,Root/Laptop,Root/Laptop/Razer",base,Razer Blade 15 Base,Taxable Goods,"Catalog, Search",1198.58,Blade15_Base_2018_00.,Razer Blade 15 Base,23
Razer Book 13,Razer Book 13,RZBook_00.jpg,RZBook_00.jpg,RZBook_00.jpg,RZBook_00.jpg,,Default,simple,"Root,Root/Laptop,Root/Laptop/Razer",base,Razer Book 13,Taxable Goods,"Catalog, Search",1394.78,RZBook_00.,Razer Book 13,29
LG Gram 13,LG Gram 13,gram13_00.jpg,gram13_00.jpg,gram13_00.jpg,gram13_00.jpg,,Default,simple,"Root,Root/Laptop,Root/Laptop/LG",base,LG Gram 13,Taxable Goods,"Catalog, Search",827.97,gram13_00.,LG Gram 13,20
Surface Pro 6,Surface Pro 6,surfacepro6-0.jpg,surfacepro6-0.jpg,surfacepro6-0.jpg,surfacepro6-0.jpg,,Default,simple,"Root,Root/Laptop,Root/Laptop/Microsoft",base,Surface Pro 6,Taxable Goods,"Catalog, Search",740.77,surfacepro6-0.,Surface Pro 6,29
Razer Blade 15 Base Edition (Quartz Pink),Razer Blade 15 Base Edition (Quartz Pink),razer-blade-15-base-edition-quartz-pink.jpg,razer-blade-15-base-edition-quartz-pink.jpg,razer-blade-15-base-edition-quartz-pink.jpg,razer-blade-15-base-edition-quartz-pink.jpg,,Default,simple,"Root,Root/Laptop,Root/Laptop/Razer",base,Razer Blade 15 Base Edition (Quartz Pink),Taxable Goods,"Catalog, Search",1917.99,razer-blade-15-base-edition-quartz-pink.,Razer Blade 15 Base Edition (Quartz Pink),35
LG Gram 14'' 2021,LG Gram 14'' 2021,gram14-21-white-0.jpg,gram14-21-white-0.jpg,gram14-21-white-0.jpg,gram14-21-white-0.jpg,,Default,simple,"Root,Root/Laptop,Root/Laptop/LG",base,LG Gram 14'' 2021,Taxable Goods,"Catalog, Search",1338.54,gram14-21-white-0.,LG Gram 14'' 2021,23
"Surface Laptop 2 13.5""","Surface Laptop 2 13.5""",sflap1blue-00.jpg,sflap1blue-00.jpg,sflap1blue-00.jpg,sflap1blue-00.jpg,,Default,simple,"Root,Root/Laptop,Root/Laptop/Microsoft",base,"Surface Laptop 2 13.5""",Taxable Goods,"Catalog, Search",958.78,sflap1blue-00.,"Surface Laptop 2 13.5""",35
MSI Modern 14 B11,MSI Modern 14 B11,modern14-b11-bluestone-0.jpg,modern14-b11-bluestone-0.jpg,modern14-b11-bluestone-0.jpg,modern14-b11-bluestone-0.jpg,,Default,simple,"Root,Root/Laptop,Root/Laptop/MSI",base,MSI Modern 14 B11,Taxable Goods,"Catalog, Search",618.69,modern14-b11-bluestone-0.,MSI Modern 14 B11,47
Acer TravelMate B3,Acer TravelMate B3,acer-travelmate-b-tmb311-31-thinkpro.jpg,acer-travelmate-b-tmb311-31-thinkpro.jpg,acer-travelmate-b-tmb311-31-thinkpro.jpg,acer-travelmate-b-tmb311-31-thinkpro.jpg,,Default,simple,"Root,Root/Laptop,Root/Laptop/Acer",base,Acer TravelMate B3,Taxable Goods,"Catalog, Search",435.57,acer-travelmate-b-tmb311-31-thinkpro.,Acer TravelMate B3,23
New Razer Blade 15 Base Edition,New Razer Blade 15 Base Edition,Blade15_Base_2020_00.jpg,Blade15_Base_2020_00.jpg,Blade15_Base_2020_00.jpg,Blade15_Base_2020_00.jpg,,Default,simple,"Root,Root/Laptop,Root/Laptop/Razer",base,New Razer Blade 15 Base Edition,Taxable Goods,"Catalog, Search",2179.59,Blade15_Base_2020_00.,New Razer Blade 15 Base Edition,38
Laptop Hp 340s G7,Laptop Hp 340s G7,hp-340s-g7-thinkpro-thumbnail.jpg,hp-340s-g7-thinkpro-thumbnail.jpg,hp-340s-g7-thinkpro-thumbnail.jpg,hp-340s-g7-thinkpro-thumbnail.jpg,,Default,simple,"Root,Root/Laptop,Root/Laptop/HP",base,Laptop Hp 340s G7,Taxable Goods,"Catalog, Search",518.41,hp-340s-g7-thinkpro-thumbnail.,Laptop Hp 340s G7,35
Lenovo Ideapad 1 (Chính hãng),Lenovo Ideapad 1 (Chính hãng),ideapad-1-11igl05-ct1-05-thinkpro-1.jpg,ideapad-1-11igl05-ct1-05-thinkpro-1.jpg,ideapad-1-11igl05-ct1-05-thinkpro-1.jpg,ideapad-1-11igl05-ct1-05-thinkpro-1.jpg,,Default,simple,"Root,Root/Laptop,Root/Laptop/Lenovo",base,Lenovo Ideapad 1 (Chính hãng),Taxable Goods,"Catalog, Search",370.17,ideapad-1-11igl05-ct1-05-thinkpro-1.,Lenovo Ideapad 1 (Chính hãng),26
Dell Inspiron 15 3511,Dell Inspiron 15 3511,dell-inspiron-15-3511.jpg,dell-inspiron-15-3511.jpg,dell-inspiron-15-3511.jpg,dell-inspiron-15-3511.jpg,,Default,simple,"Root,Root/Laptop,Root/Laptop/Dell",base,Dell Inspiron 15 3511,Taxable Goods,"Catalog, Search",609.97,dell-inspiron-15-3511.,Dell Inspiron 15 3511,20
LG Gram 16'' 2021,LG Gram 16'' 2021,gram16-21-white-0.jpg,gram16-21-white-0.jpg,gram16-21-white-0.jpg,gram16-21-white-0.jpg,,Default,simple,"Root,Root/Laptop,Root/Laptop/LG",base,LG Gram 16'' 2021,Taxable Goods,"Catalog, Search",1739.66,gram16-21-white-0.,LG Gram 16'' 2021,23
Surface Laptop Go,Surface Laptop Go,laptopgo_sand_00.jpg,laptopgo_sand_00.jpg,laptopgo_sand_00.jpg,laptopgo_sand_00.jpg,,Default,simple,"Root,Root/Laptop,Root/Laptop/Microsoft",base,Surface Laptop Go,Taxable Goods,"Catalog, Search",893.37,laptopgo_sand_00.,Surface Laptop Go,23
MSI Modern 14 B5M (AMD Ryzen 5000),MSI Modern 14 B5M (AMD Ryzen 5000),msi-nb-modern14b-carbon-gray-thinkpro-1.jpg,msi-nb-modern14b-carbon-gray-thinkpro-1.jpg,msi-nb-modern14b-carbon-gray-thinkpro-1.jpg,msi-nb-modern14b-carbon-gray-thinkpro-1.jpg,,Default,simple,"Root,Root/Laptop,Root/Laptop/MSI",base,MSI Modern 14 B5M (AMD Ryzen 5000),Taxable Goods,"Catalog, Search",762.57,msi-nb-modern14b-carbon-gray-thinkpro-1.,MSI Modern 14 B5M (AMD Ryzen 5000),47
Acer Aspire 3 15 Intel (Chính hãng),Acer Aspire 3 15 Intel (Chính hãng),a315-56-black-0.jpg,a315-56-black-0.jpg,a315-56-black-0.jpg,a315-56-black-0.jpg,,Default,simple,"Root,Root/Laptop,Root/Laptop/Acer",base,Acer Aspire 3 15 Intel (Chính hãng),Taxable Goods,"Catalog, Search",522.77,a315-56-black-0.,Acer Aspire 3 15 Intel (Chính hãng),23
Razer Blade 14 AMD,Razer Blade 14 AMD,blade14amd-0.jpg,blade14amd-0.jpg,blade14amd-0.jpg,blade14amd-0.jpg,,Default,simple,"Root,Root/Laptop,Root/Laptop/Razer",base,Razer Blade 14 AMD,Taxable Goods,"Catalog, Search",2266.79,blade14amd-0.,Razer Blade 14 AMD,47
HP Pavilion 14 x360 (Intel Gen 11),HP Pavilion 14 x360 (Intel Gen 11),pavi14x360g11-00.jpg,pavi14x360g11-00.jpg,pavi14x360g11-00.jpg,pavi14x360g11-00.jpg,,Default,simple,"Root,Root/Laptop,Root/Laptop/HP",base,HP Pavilion 14 x360 (Intel Gen 11),Taxable Goods,"Catalog, Search",631.77,pavi14x360g11-00.,HP Pavilion 14 x360 (Intel Gen 11),38
Lenovo ThinkPad X1 Carbon Gen 5,Lenovo ThinkPad X1 Carbon Gen 5,x1carbon5thgen-black-0.jpg,x1carbon5thgen-black-0.jpg,x1carbon5thgen-black-0.jpg,x1carbon5thgen-black-0.jpg,,Default,simple,"Root,Root/Laptop,Root/Laptop/Lenovo",base,Lenovo ThinkPad X1 Carbon Gen 5,Taxable Goods,"Catalog, Search",631.77,x1carbon5thgen-black-0.,Lenovo ThinkPad X1 Carbon Gen 5,23
Dell Inspiron 15 3501,Dell Inspiron 15 3501,i3501-00.jpg,i3501-00.jpg,i3501-00.jpg,i3501-00.jpg,,Default,simple,"Root,Root/Laptop,Root/Laptop/Dell",base,Dell Inspiron 15 3501,Taxable Goods,"Catalog, Search",653.57,i3501-00.,Dell Inspiron 15 3501,20
Asus Vivobook X515 (Chính Hãng),Asus Vivobook X515 (Chính Hãng),asus-vivobook-x515ma-br481t-thinkpro.jpg,asus-vivobook-x515ma-br481t-thinkpro.jpg,asus-vivobook-x515ma-br481t-thinkpro.jpg,asus-vivobook-x515ma-br481t-thinkpro.jpg,,Default,simple,"Root,Root/Laptop,Root/Laptop/Asus",base,Asus Vivobook X515 (Chính Hãng),Taxable Goods,"Catalog, Search",348.37,asus-vivobook-x515ma-br481t-thinkpro.,Asus Vivobook X515 (Chính Hãng),23
LG Gram 17'' 2021,LG Gram 17'' 2021,gram17-21-silver-0.jpg,gram17-21-silver-0.jpg,gram17-21-silver-0.jpg,gram17-21-silver-0.jpg,,Default,simple,"Root,Root/Laptop,Root/Laptop/LG",base,LG Gram 17'' 2021,Taxable Goods,"Catalog, Search",1957.66,gram17-21-silver-0.,LG Gram 17'' 2021,20
"Surface Laptop 3 13.5""","Surface Laptop 3 13.5""",surface-laptop-3-13jpg.jpg,surface-laptop-3-13jpg.jpg,surface-laptop-3-13jpg.jpg,surface-laptop-3-13jpg.jpg,,Default,simple,"Root,Root/Laptop,Root/Laptop/Microsoft",base,"Surface Laptop 3 13.5""",Taxable Goods,"Catalog, Search",958.78,surface-laptop-3-13jpg.,"Surface Laptop 3 13.5""",32
MSI Modern 15 AMD A5M 2021,MSI Modern 15 AMD A5M 2021,msi-modern-15-a5m-thinkpro.jpg,msi-modern-15-a5m-thinkpro.jpg,msi-modern-15-a5m-thinkpro.jpg,msi-modern-15-a5m-thinkpro.jpg,,Default,simple,"Root,Root/Laptop,Root/Laptop/MSI",base,MSI Modern 15 AMD A5M 2021,Taxable Goods,"Catalog, Search",784.37,msi-modern-15-a5m-thinkpro.,MSI Modern 15 AMD A5M 2021,23
Acer Aspire 3 15 Intel gen 11 (Chính hãng),Acer Aspire 3 15 Intel gen 11 (Chính hãng),acer-aspire-3-intel-gen11-a315-58-3939-thinkpro.jpg,acer-aspire-3-intel-gen11-a315-58-3939-thinkpro.jpg,acer-aspire-3-intel-gen11-a315-58-3939-thinkpro.jpg,acer-aspire-3-intel-gen11-a315-58-3939-thinkpro.jpg,,Default,simple,"Root,Root/Laptop,Root/Laptop/Acer",base,Acer Aspire 3 15 Intel gen 11 (Chính hãng),Taxable Goods,"Catalog, Search",566.37,acer-aspire-3-intel-gen11-a315-58-3939-thinkpro.,Acer Aspire 3 15 Intel gen 11 (Chính hãng),44
New Razer Blade Pro 17,New Razer Blade Pro 17,new-razer-blade-pro-17.jpg,new-razer-blade-pro-17.jpg,new-razer-blade-pro-17.jpg,new-razer-blade-pro-17.jpg,,Default,simple,"Root,Root/Laptop,Root/Laptop/Razer",base,New Razer Blade Pro 17,Taxable Goods,"Catalog, Search",2746.4,new-razer-blade-pro-17.,New Razer Blade Pro 17,44
HP 14s (Nhập khẩu),HP 14s (Nhập khẩu),hp-14s-intel-gen-10.jpg,hp-14s-intel-gen-10.jpg,hp-14s-intel-gen-10.jpg,hp-14s-intel-gen-10.jpg,,Default,simple,"Root,Root/Laptop,Root/Laptop/HP",base,HP 14s (Nhập khẩu),Taxable Goods,"Catalog, Search",653.57,hp-14s-intel-gen-10.,HP 14s (Nhập khẩu),26
Lenovo Ideapad 3 15 (Intel),Lenovo Ideapad 3 15 (Intel),lenovo-ideapad-3-15-touch.jpg,lenovo-ideapad-3-15-touch.jpg,lenovo-ideapad-3-15-touch.jpg,lenovo-ideapad-3-15-touch.jpg,,Default,simple,"Root,Root/Laptop,Root/Laptop/Lenovo",base,Lenovo Ideapad 3 15 (Intel),Taxable Goods,"Catalog, Search",544.57,lenovo-ideapad-3-15-touch.,Lenovo Ideapad 3 15 (Intel),44
Dell Inspiron 15 3505 (Chính hãng),Dell Inspiron 15 3505 (Chính hãng),dell-inspiron-3505-chinh-hang-y1n1t2-thinkpro.jpg,dell-inspiron-3505-chinh-hang-y1n1t2-thinkpro.jpg,dell-inspiron-3505-chinh-hang-y1n1t2-thinkpro.jpg,dell-inspiron-3505-chinh-hang-y1n1t2-thinkpro.jpg,,Default,simple,"Root,Root/Laptop,Root/Laptop/Dell",base,Dell Inspiron 15 3505 (Chính hãng),Taxable Goods,"Catalog, Search",653.57,dell-inspiron-3505-chinh-hang-y1n1t2-thinkpro.,Dell Inspiron 15 3505 (Chính hãng),41
Asus Vivobook EM210MA,Asus Vivobook EM210MA,asus-vivobook-em210ma-gj353t-thinkpro.jpg,asus-vivobook-em210ma-gj353t-thinkpro.jpg,asus-vivobook-em210ma-gj353t-thinkpro.jpg,asus-vivobook-em210ma-gj353t-thinkpro.jpg,,Default,simple,"Root,Root/Laptop,Root/Laptop/Asus",base,Asus Vivobook EM210MA,Taxable Goods,"Catalog, Search",361.45,asus-vivobook-em210ma-gj353t-thinkpro.,Asus Vivobook EM210MA,26
Microsoft Surface Pro 7,Microsoft Surface Pro 7,Surface-Pro-7.jpg,Surface-Pro-7.jpg,Surface-Pro-7.jpg,Surface-Pro-7.jpg,,Default,simple,"Root,Root/Laptop,Root/Laptop/Microsoft",base,Microsoft Surface Pro 7,Taxable Goods,"Catalog, Search",1002.38,Surface-Pro-7.,Microsoft Surface Pro 7,26
MSI Modern 15 A11,MSI Modern 15 A11,msi_modern15cg_00.jpg,msi_modern15cg_00.jpg,msi_modern15cg_00.jpg,msi_modern15cg_00.jpg,,Default,simple,"Root,Root/Laptop,Root/Laptop/MSI",base,MSI Modern 15 A11,Taxable Goods,"Catalog, Search",827.97,msi_modern15cg_00.,MSI Modern 15 A11,29
Acer Aspire 5 15 (Chính hãng),Acer Aspire 5 15 (Chính hãng),aspire515_00.jpg,aspire515_00.jpg,aspire515_00.jpg,aspire515_00.jpg,,Default,simple,"Root,Root/Laptop,Root/Laptop/Acer",base,Acer Aspire 5 15 (Chính hãng),Taxable Goods,"Catalog, Search",766.93,aspire515_00.,Acer Aspire 5 15 (Chính hãng),44
Razer Blade 15 Advanced (Intel Gen 11),Razer Blade 15 Advanced (Intel Gen 11),bladea21-00.jpg,bladea21-00.jpg,bladea21-00.jpg,bladea21-00.jpg,,Default,simple,"Root,Root/Laptop,Root/Laptop/Razer",base,Razer Blade 15 Advanced (Intel Gen 11),Taxable Goods,"Catalog, Search",2920.8,bladea21-00.,Razer Blade 15 Advanced (Intel Gen 11),47
HP ProBook 455 G7 (Chính hãng),HP ProBook 455 G7 (Chính hãng),probook450G7_00.jpg,probook450G7_00.jpg,probook450G7_00.jpg,probook450G7_00.jpg,,Default,simple,"Root,Root/Laptop,Root/Laptop/HP",base,HP ProBook 455 G7 (Chính hãng),Taxable Goods,"Catalog, Search",718.97,probook450G7_00.,HP ProBook 455 G7 (Chính hãng),29
Lenovo Ideapad 3 15 (AMD),Lenovo Ideapad 3 15 (AMD),lenovo-ideapad-5-15-amd.jpg,lenovo-ideapad-5-15-amd.jpg,lenovo-ideapad-5-15-amd.jpg,lenovo-ideapad-5-15-amd.jpg,,Default,simple,"Root,Root/Laptop,Root/Laptop/Lenovo",base,Lenovo Ideapad 3 15 (AMD),Taxable Goods,"Catalog, Search",566.37,lenovo-ideapad-5-15-amd.,Lenovo Ideapad 3 15 (AMD),29
Dell Inspiron 15 3501 (Chính hãng),Dell Inspiron 15 3501 (Chính hãng),I3501_00.png,I3501_00.png,I3501_00.png,I3501_00.png,,Default,simple,"Root,Root/Laptop,Root/Laptop/Dell",base,Dell Inspiron 15 3501 (Chính hãng),Taxable Goods,"Catalog, Search",662.29,I3501_00.,Dell Inspiron 15 3501 (Chính hãng),38
Asus Ultra Thin 15 (LM510MA),Asus Ultra Thin 15 (LM510MA),asus-ultra-thin-15.jpg,asus-ultra-thin-15.jpg,asus-ultra-thin-15.jpg,asus-ultra-thin-15.jpg,,Default,simple,"Root,Root/Laptop,Root/Laptop/Asus",base,Asus Ultra Thin 15 (LM510MA),Taxable Goods,"Catalog, Search",348.37,asus-ultra-thin-15.,Asus Ultra Thin 15 (LM510MA),32
"Surface Laptop 4 13.5"" AMD","Surface Laptop 4 13.5"" AMD",lap413-platinum-0.jpg,lap413-platinum-0.jpg,lap413-platinum-0.jpg,lap413-platinum-0.jpg,,Default,simple,"Root,Root/Laptop,Root/Laptop/Microsoft",base,"Surface Laptop 4 13.5"" AMD",Taxable Goods,"Catalog, Search",1045.98,lap413-platinum-0.,"Surface Laptop 4 13.5"" AMD",44
MSI Modern 14 B10,MSI Modern 14 B10,msi_modern14_b10_00.jpg,msi_modern14_b10_00.jpg,msi_modern14_b10_00.jpg,msi_modern14_b10_00.jpg,,Default,simple,"Root,Root/Laptop,Root/Laptop/MSI",base,MSI Modern 14 B10,Taxable Goods,"Catalog, Search",871.57,msi_modern14_b10_00.,MSI Modern 14 B10,26
Acer Aspire 5 14 (Chính hãng),Acer Aspire 5 14 (Chính hãng),thumbnail-lord.jpg,thumbnail-lord.jpg,thumbnail-lord.jpg,thumbnail-lord.jpg,,Default,simple,"Root,Root/Laptop,Root/Laptop/Acer",base,Acer Aspire 5 14 (Chính hãng),Taxable Goods,"Catalog, Search",806.17,thumbnail-lord.,Acer Aspire 5 14 (Chính hãng),44
New Razer Blade 15 Advanced Edition,New Razer Blade 15 Advanced Edition,Razer-Blade-15-Advanced.jpg,Razer-Blade-15-Advanced.jpg,Razer-Blade-15-Advanced.jpg,Razer-Blade-15-Advanced.jpg,,Default,simple,"Root,Root/Laptop,Root/Laptop/Razer",base,New Razer Blade 15 Advanced Edition,Taxable Goods,"Catalog, Search",3051.6,Razer-Blade-15-Advanced.,New Razer Blade 15 Advanced Edition,32
HP 240 G8 Intel gen 11 (Chính hãng),HP 240 G8 Intel gen 11 (Chính hãng),hp-240g8-518v5pa-thinkpro.jpg,hp-240g8-518v5pa-thinkpro.jpg,hp-240g8-518v5pa-thinkpro.jpg,hp-240g8-518v5pa-thinkpro.jpg,,Default,simple,"Root,Root/Laptop,Root/Laptop/HP",base,HP 240 G8 Intel gen 11 (Chính hãng),Taxable Goods,"Catalog, Search",718.97,hp-240g8-518v5pa-thinkpro.,HP 240 G8 Intel gen 11 (Chính hãng),29
Lenovo IdeaPad 3 14 (Intel Gen 11),Lenovo IdeaPad 3 14 (Intel Gen 11),ideapad314g6-arcticgrey-0.jpg,ideapad314g6-arcticgrey-0.jpg,ideapad314g6-arcticgrey-0.jpg,ideapad314g6-arcticgrey-0.jpg,,Default,simple,"Root,Root/Laptop,Root/Laptop/Lenovo",base,Lenovo IdeaPad 3 14 (Intel Gen 11),Taxable Goods,"Catalog, Search",609.97,ideapad314g6-arcticgrey-0.,Lenovo IdeaPad 3 14 (Intel Gen 11),32
Dell Latitude 7390,Dell Latitude 7390,dell-latitude-7390.jpg,dell-latitude-7390.jpg,dell-latitude-7390.jpg,dell-latitude-7390.jpg,,Default,simple,"Root,Root/Laptop,Root/Laptop/Dell",base,Dell Latitude 7390,Taxable Goods,"Catalog, Search",697.17,dell-latitude-7390.,Dell Latitude 7390,44
Asus Vivobook 14 X413JA,Asus Vivobook 14 X413JA,asus-vivobook.jpg,asus-vivobook.jpg,asus-vivobook.jpg,asus-vivobook.jpg,,Default,simple,"Root,Root/Laptop,Root/Laptop/Asus",base,Asus Vivobook 14 X413JA,Taxable Goods,"Catalog, Search",479.17,asus-vivobook.,Asus Vivobook 14 X413JA,44
"Surface Laptop 3 15""","Surface Laptop 3 15""",surface-laptop-3-15.jpg,surface-laptop-3-15.jpg,surface-laptop-3-15.jpg,surface-laptop-3-15.jpg,,Default,simple,"Root,Root/Laptop,Root/Laptop/Microsoft",base,"Surface Laptop 3 15""",Taxable Goods,"Catalog, Search",1220.38,surface-laptop-3-15.,"Surface Laptop 3 15""",41
MSI GF63 Thin (Chính hãng),MSI GF63 Thin (Chính hãng),msi-gf63-thinkpro-1.jpg,msi-gf63-thinkpro-1.jpg,msi-gf63-thinkpro-1.jpg,msi-gf63-thinkpro-1.jpg,,Default,simple,"Root,Root/Laptop,Root/Laptop/MSI",base,MSI GF63 Thin (Chính hãng),Taxable Goods,"Catalog, Search",845.85,msi-gf63-thinkpro-1.,MSI GF63 Thin (Chính hãng),20
Acer Swift 3 14 Intel gen 11 (Chính hãng),Acer Swift 3 14 Intel gen 11 (Chính hãng),acer-swift-3-grandient-blue-thinkpro-1.jpg,acer-swift-3-grandient-blue-thinkpro-1.jpg,acer-swift-3-grandient-blue-thinkpro-1.jpg,acer-swift-3-grandient-blue-thinkpro-1.jpg,,Default,simple,"Root,Root/Laptop,Root/Laptop/Acer",base,Acer Swift 3 14 Intel gen 11 (Chính hãng),Taxable Goods,"Catalog, Search",806.17,acer-swift-3-grandient-blue-thinkpro-1.,Acer Swift 3 14 Intel gen 11 (Chính hãng),29
HP 15s Intel (Chính hãng),HP 15s Intel (Chính hãng),hp-15s-fq2602tu-4b6d3pa-thinkpro.jpg,hp-15s-fq2602tu-4b6d3pa-thinkpro.jpg,hp-15s-fq2602tu-4b6d3pa-thinkpro.jpg,hp-15s-fq2602tu-4b6d3pa-thinkpro.jpg,,Default,simple,"Root,Root/Laptop,Root/Laptop/HP",base,HP 15s Intel (Chính hãng),Taxable Goods,"Catalog, Search",740.77,hp-15s-fq2602tu-4b6d3pa-thinkpro.,HP 15s Intel (Chính hãng),20
Lenovo IdeaPad 3 14 Intel (Nhập khẩu),Lenovo IdeaPad 3 14 Intel (Nhập khẩu),ideapad314gre-00.jpg,ideapad314gre-00.jpg,ideapad314gre-00.jpg,ideapad314gre-00.jpg,,Default,simple,"Root,Root/Laptop,Root/Laptop/Lenovo",base,Lenovo IdeaPad 3 14 Intel (Nhập khẩu),Taxable Goods,"Catalog, Search",609.97,ideapad314gre-00.,Lenovo IdeaPad 3 14 Intel (Nhập khẩu),35
Dell Latitude 5400,Dell Latitude 5400,Dell-Latitude-5400.jpg,Dell-Latitude-5400.jpg,Dell-Latitude-5400.jpg,Dell-Latitude-5400.jpg,,Default,simple,"Root,Root/Laptop,Root/Laptop/Dell",base,Dell Latitude 5400,Taxable Goods,"Catalog, Search",697.17,Dell-Latitude-5400.,Dell Latitude 5400,23
Asus Vivobook F412DA,Asus Vivobook F412DA,asus-vivobook-f412da.jpg,asus-vivobook-f412da.jpg,asus-vivobook-f412da.jpg,asus-vivobook-f412da.jpg,,Default,simple,"Root,Root/Laptop,Root/Laptop/Asus",base,Asus Vivobook F412DA,Taxable Goods,"Catalog, Search",479.17,asus-vivobook-f412da.,Asus Vivobook F412DA,20
Microsoft Surface Pro 8,Microsoft Surface Pro 8,microsoft-surface-pro-8.jpg,microsoft-surface-pro-8.jpg,microsoft-surface-pro-8.jpg,microsoft-surface-pro-8.jpg,,Default,simple,"Root,Root/Laptop,Root/Laptop/Microsoft",base,Microsoft Surface Pro 8,Taxable Goods,"Catalog, Search",1438.38,microsoft-surface-pro-8.,Microsoft Surface Pro 8,47
MSI Bravo 15 (AMD Ryzen 5000),MSI Bravo 15 (AMD Ryzen 5000),bravo15-ryzen5000-0.jpg,bravo15-ryzen5000-0.jpg,bravo15-ryzen5000-0.jpg,bravo15-ryzen5000-0.jpg,,Default,simple,"Root,Root/Laptop,Root/Laptop/MSI",base,MSI Bravo 15 (AMD Ryzen 5000),Taxable Goods,"Catalog, Search",958.78,bravo15-ryzen5000-0.,MSI Bravo 15 (AMD Ryzen 5000),29
Acer Swift 3 13 (Chính hãng - Intel Gen 11),Acer Swift 3 13 (Chính hãng - Intel Gen 11),sf313_00.jpg,sf313_00.jpg,sf313_00.jpg,sf313_00.jpg,,Default,simple,"Root,Root/Laptop,Root/Laptop/Acer",base,Acer Swift 3 13 (Chính hãng - Intel Gen 11),Taxable Goods,"Catalog, Search",849.77,sf313_00.,Acer Swift 3 13 (Chính hãng - Intel Gen 11),35
HP 15-DY2093DX,HP 15-DY2093DX,hp-dy1021-intel-gen-11.jpg,hp-dy1021-intel-gen-11.jpg,hp-dy1021-intel-gen-11.jpg,hp-dy1021-intel-gen-11.jpg,,Default,simple,"Root,Root/Laptop,Root/Laptop/HP",base,HP 15-DY2093DX,Taxable Goods,"Catalog, Search",697.17,hp-dy1021-intel-gen-11.,HP 15-DY2093DX,47
Lenovo IdeaPad 3 14 (AMD Ryzen 5000),Lenovo IdeaPad 3 14 (AMD Ryzen 5000),ideapad314g6-arcticgrey-0.jpg,ideapad314g6-arcticgrey-0.jpg,ideapad314g6-arcticgrey-0.jpg,ideapad314g6-arcticgrey-0.jpg,,Default,simple,"Root,Root/Laptop,Root/Laptop/Lenovo",base,Lenovo IdeaPad 3 14 (AMD Ryzen 5000),Taxable Goods,"Catalog, Search",623.05,ideapad314g6-arcticgrey-0.,Lenovo IdeaPad 3 14 (AMD Ryzen 5000),32
Dell Vostro 15 3500 Intel gen 11 (Chính Hãng),Dell Vostro 15 3500 Intel gen 11 (Chính Hãng),i3501-00.jpg,i3501-00.jpg,i3501-00.jpg,i3501-00.jpg,,Default,simple,"Root,Root/Laptop,Root/Laptop/Dell",base,Dell Vostro 15 3500 Intel gen 11 (Chính Hãng),Taxable Goods,"Catalog, Search",653.57,i3501-00.,Dell Vostro 15 3500 Intel gen 11 (Chính Hãng),23
ASUS Vivobook 15 D515,ASUS Vivobook 15 D515,d515-silver-badge.jpg,d515-silver-badge.jpg,d515-silver-badge.jpg,d515-silver-badge.jpg,,Default,simple,"Root,Root/Laptop,Root/Laptop/Asus",base,ASUS Vivobook 15 D515,Taxable Goods,"Catalog, Search",544.57,d515-silver-badge.,ASUS Vivobook 15 D515,23
Microsoft Surface Laptop Studio,Microsoft Surface Laptop Studio,microsoft-surface-studio-laptop.jpg,microsoft-surface-studio-laptop.jpg,microsoft-surface-studio-laptop.jpg,microsoft-surface-studio-laptop.jpg,,Default,simple,"Root,Root/Laptop,Root/Laptop/Microsoft",base,Microsoft Surface Laptop Studio,Taxable Goods,"Catalog, Search",2179.59,microsoft-surface-studio-laptop.,Microsoft Surface Laptop Studio,38
MSI Prestige 14 Evo A11,MSI Prestige 14 Evo A11,msi_prestige14a11gr_00.jpg,msi_prestige14a11gr_00.jpg,msi_prestige14a11gr_00.jpg,msi_prestige14a11gr_00.jpg,,Default,simple,"Root,Root/Laptop,Root/Laptop/MSI",base,MSI Prestige 14 Evo A11,Taxable Goods,"Catalog, Search",1194.65,msi_prestige14a11gr_00.,MSI Prestige 14 Evo A11,38
Acer Aspire 7 Gaming AMD (Chính hãng),Acer Aspire 7 Gaming AMD (Chính hãng),aspire7_2019_00.jpg,aspire7_2019_00.jpg,aspire7_2019_00.jpg,aspire7_2019_00.jpg,,Default,simple,"Root,Root/Laptop,Root/Laptop/Acer",base,Acer Aspire 7 Gaming AMD (Chính hãng),Taxable Goods,"Catalog, Search",871.57,aspire7_2019_00.,Acer Aspire 7 Gaming AMD (Chính hãng),20
HP 14s Intel (Chính hãng),HP 14s Intel (Chính hãng),hp-14s-dq2544tu-46m22pa-thinkpro.jpg,hp-14s-dq2544tu-46m22pa-thinkpro.jpg,hp-14s-dq2544tu-46m22pa-thinkpro.jpg,hp-14s-dq2544tu-46m22pa-thinkpro.jpg,,Default,simple,"Root,Root/Laptop,Root/Laptop/HP",base,HP 14s Intel (Chính hãng),Taxable Goods,"Catalog, Search",762.57,hp-14s-dq2544tu-46m22pa-thinkpro.,HP 14s Intel (Chính hãng),35
Lenovo Ideapad Duet 3 (Chính hãng),Lenovo Ideapad Duet 3 (Chính hãng),ideapad-duet-3-10igl5-ct1-01-thinkpro-1.jpg,ideapad-duet-3-10igl5-ct1-01-thinkpro-1.jpg,ideapad-duet-3-10igl5-ct1-01-thinkpro-1.jpg,ideapad-duet-3-10igl5-ct1-01-thinkpro-1.jpg,,Default,simple,"Root,Root/Laptop,Root/Laptop/Lenovo",base,Lenovo Ideapad Duet 3 (Chính hãng),Taxable Goods,"Catalog, Search",500.97,ideapad-duet-3-10igl5-ct1-01-thinkpro-1.,Lenovo Ideapad Duet 3 (Chính hãng),44
Dell Inspiron 3505,Dell Inspiron 3505,dell-inspiron-3501.jpg,dell-inspiron-3501.jpg,dell-inspiron-3501.jpg,dell-inspiron-3501.jpg,,Default,simple,"Root,Root/Laptop,Root/Laptop/Dell",base,Dell Inspiron 3505,Taxable Goods,"Catalog, Search",697.17,dell-inspiron-3501.,Dell Inspiron 3505,32
ASUS VivoBook 15 X515 (Intel Gen 11),ASUS VivoBook 15 X515 (Intel Gen 11),d515-silver-badge.jpg,d515-silver-badge.jpg,d515-silver-badge.jpg,d515-silver-badge.jpg,,Default,simple,"Root,Root/Laptop,Root/Laptop/Asus",base,ASUS VivoBook 15 X515 (Intel Gen 11),Taxable Goods,"Catalog, Search",623.05,d515-silver-badge.,ASUS VivoBook 15 X515 (Intel Gen 11),20
MSI GF66 Katana,MSI GF66 Katana,msi-nb-katana-gf66-black-photo01.jpg,msi-nb-katana-gf66-black-photo01.jpg,msi-nb-katana-gf66-black-photo01.jpg,msi-nb-katana-gf66-black-photo01.jpg,,Default,simple,"Root,Root/Laptop,Root/Laptop/MSI",base,MSI GF66 Katana,Taxable Goods,"Catalog, Search",1307.58,msi-nb-katana-gf66-black-photo01.,MSI GF66 Katana,38
Acer Swift 3X (Chính hãng),Acer Swift 3X (Chính hãng),sf313X_00.jpg,sf313X_00.jpg,sf313X_00.jpg,sf313X_00.jpg,,Default,simple,"Root,Root/Laptop,Root/Laptop/Acer",base,Acer Swift 3X (Chính hãng),Taxable Goods,"Catalog, Search",928.26,sf313X_00.,Acer Swift 3X (Chính hãng),41
HP ProBook 455 G8 (Chính hãng),HP ProBook 455 G8 (Chính hãng),450g8-00.jpg,450g8-00.jpg,450g8-00.jpg,450g8-00.jpg,,Default,simple,"Root,Root/Laptop,Root/Laptop/HP",base,HP ProBook 455 G8 (Chính hãng),Taxable Goods,"Catalog, Search",797.45,450g8-00.,HP ProBook 455 G8 (Chính hãng),41
Lenovo Ideapad 5 14IIL05,Lenovo Ideapad 5 14IIL05,lenovo-ideapad-5i-14iil05.jpg,lenovo-ideapad-5i-14iil05.jpg,lenovo-ideapad-5i-14iil05.jpg,lenovo-ideapad-5i-14iil05.jpg,,Default,simple,"Root,Root/Laptop,Root/Laptop/Lenovo",base,Lenovo Ideapad 5 14IIL05,Taxable Goods,"Catalog, Search",653.57,lenovo-ideapad-5i-14iil05.,Lenovo Ideapad 5 14IIL05,38
Dell Vostro 3510 Intel Gen 11 (Chính hãng),Dell Vostro 3510 Intel Gen 11 (Chính hãng),dell-vostro-3510-chinh-hang-p112f002abl-thinkpro.jpg,dell-vostro-3510-chinh-hang-p112f002abl-thinkpro.jpg,dell-vostro-3510-chinh-hang-p112f002abl-thinkpro.jpg,dell-vostro-3510-chinh-hang-p112f002abl-thinkpro.jpg,,Default,simple,"Root,Root/Laptop,Root/Laptop/Dell",base,Dell Vostro 3510 Intel Gen 11 (Chính hãng),Taxable Goods,"Catalog, Search",653.57,dell-vostro-3510-chinh-hang-p112f002abl-thinkpro.,Dell Vostro 3510 Intel Gen 11 (Chính hãng),35
Asus VivoBook 14 M413,Asus VivoBook 14 M413,m413_00.jpg,m413_00.jpg,m413_00.jpg,m413_00.jpg,,Default,simple,"Root,Root/Laptop,Root/Laptop/Asus",base,Asus VivoBook 14 M413,Taxable Goods,"Catalog, Search",653.57,m413_00.,Asus VivoBook 14 M413,23
MSI Katana GF76,MSI Katana GF76,gf76-0.jpg,gf76-0.jpg,gf76-0.jpg,gf76-0.jpg,,Default,simple,"Root,Root/Laptop,Root/Laptop/MSI",base,MSI Katana GF76,Taxable Goods,"Catalog, Search",1394.78,gf76-0.,MSI Katana GF76,29
Acer Swift 3 14 AMD (Chính hãng),Acer Swift 3 14 AMD (Chính hãng),sf314_00sil.jpg,sf314_00sil.jpg,sf314_00sil.jpg,sf314_00sil.jpg,,Default,simple,"Root,Root/Laptop,Root/Laptop/Acer",base,Acer Swift 3 14 AMD (Chính hãng),Taxable Goods,"Catalog, Search",915.18,sf314_00sil.,Acer Swift 3 14 AMD (Chính hãng),20
HP Pavilion 15 (Intel Gen 11),HP Pavilion 15 (Intel Gen 11),pavi15g11-00.jpg,pavi15g11-00.jpg,pavi15g11-00.jpg,pavi15g11-00.jpg,,Default,simple,"Root,Root/Laptop,Root/Laptop/HP",base,HP Pavilion 15 (Intel Gen 11),Taxable Goods,"Catalog, Search",810.53,pavi15g11-00.,HP Pavilion 15 (Intel Gen 11),29
Lenovo IdeaPad 3 15 (Intel Gen 11),Lenovo IdeaPad 3 15 (Intel Gen 11),ideapad-3-15itl6-ct1-03-thinkpro.jpg,ideapad-3-15itl6-ct1-03-thinkpro.jpg,ideapad-3-15itl6-ct1-03-thinkpro.jpg,ideapad-3-15itl6-ct1-03-thinkpro.jpg,,Default,simple,"Root,Root/Laptop,Root/Laptop/Lenovo",base,Lenovo IdeaPad 3 15 (Intel Gen 11),Taxable Goods,"Catalog, Search",653.57,ideapad-3-15itl6-ct1-03-thinkpro.,Lenovo IdeaPad 3 15 (Intel Gen 11),47
Dell Latitude 3520 Intel (Chính hãng),Dell Latitude 3520 Intel (Chính hãng),dell-latitude-3520-chinh-hang-thinkpro.jpg,dell-latitude-3520-chinh-hang-thinkpro.jpg,dell-latitude-3520-chinh-hang-thinkpro.jpg,dell-latitude-3520-chinh-hang-thinkpro.jpg,,Default,simple,"Root,Root/Laptop,Root/Laptop/Dell",base,Dell Latitude 3520 Intel (Chính hãng),Taxable Goods,"Catalog, Search",653.57,dell-latitude-3520-chinh-hang-thinkpro.,Dell Latitude 3520 Intel (Chính hãng),47
ASUS Vivobook 15 M513,ASUS Vivobook 15 M513,a515sil-00.jpg,a515sil-00.jpg,a515sil-00.jpg,a515sil-00.jpg,,Default,simple,"Root,Root/Laptop,Root/Laptop/Asus",base,ASUS Vivobook 15 M513,Taxable Goods,"Catalog, Search",662.29,a515sil-00.,ASUS Vivobook 15 M513,47
MSI Prestige 14 A11,MSI Prestige 14 A11,msi_prestige14a11gr_00.jpg,msi_prestige14a11gr_00.jpg,msi_prestige14a11gr_00.jpg,msi_prestige14a11gr_00.jpg,,Default,simple,"Root,Root/Laptop,Root/Laptop/MSI",base,MSI Prestige 14 A11,Taxable Goods,"Catalog, Search",1438.38,msi_prestige14a11gr_00.,MSI Prestige 14 A11,35
Acer Gaming Aspire 7 Intel (Chính hãng),Acer Gaming Aspire 7 Intel (Chính hãng),gaming-aspire-7-intel.jpg,gaming-aspire-7-intel.jpg,gaming-aspire-7-intel.jpg,gaming-aspire-7-intel.jpg,,Default,simple,"Root,Root/Laptop,Root/Laptop/Acer",base,Acer Gaming Aspire 7 Intel (Chính hãng),Taxable Goods,"Catalog, Search",915.18,gaming-aspire-7-intel.,Acer Gaming Aspire 7 Intel (Chính hãng),44
HP ProBook 450 G8 (Chính hãng),HP ProBook 450 G8 (Chính hãng),450G8_00.jpg,450G8_00.jpg,450G8_00.jpg,450G8_00.jpg,,Default,simple,"Root,Root/Laptop,Root/Laptop/HP",base,HP ProBook 450 G8 (Chính hãng),Taxable Goods,"Catalog, Search",827.97,450G8_00.,HP ProBook 450 G8 (Chính hãng),20
Lenovo IdeaPad 5 15 AMD (Nhập khẩu),Lenovo IdeaPad 5 15 AMD (Nhập khẩu),ideapad515-00.jpg,ideapad515-00.jpg,ideapad515-00.jpg,ideapad515-00.jpg,,Default,simple,"Root,Root/Laptop,Root/Laptop/Lenovo",base,Lenovo IdeaPad 5 15 AMD (Nhập khẩu),Taxable Goods,"Catalog, Search",784.37,ideapad515-00.,Lenovo IdeaPad 5 15 AMD (Nhập khẩu),35
Dell Inspiron 15 3511 Intel gen 11 (Chính hãng),Dell Inspiron 15 3511 Intel gen 11 (Chính hãng),inspiron-3511-p112f001abl-thinkpro.jpg,inspiron-3511-p112f001abl-thinkpro.jpg,inspiron-3511-p112f001abl-thinkpro.jpg,inspiron-3511-p112f001abl-thinkpro.jpg,,Default,simple,"Root,Root/Laptop,Root/Laptop/Dell",base,Dell Inspiron 15 3511 Intel gen 11 (Chính hãng),Taxable Goods,"Catalog, Search",631.77,inspiron-3511-p112f001abl-thinkpro.,Dell Inspiron 15 3511 Intel gen 11 (Chính hãng),29
Asus Vivobook 14 A415,Asus Vivobook 14 A415,A415sil_00.jpg,A415sil_00.jpg,A415sil_00.jpg,A415sil_00.jpg,,Default,simple,"Root,Root/Laptop,Root/Laptop/Asus",base,Asus Vivobook 14 A415,Taxable Goods,"Catalog, Search",671.01,A415sil_00.,Asus Vivobook 14 A415,47
MSI Stealth 15M A11,MSI Stealth 15M A11,stealth15m-grey-0.jpg,stealth15m-grey-0.jpg,stealth15m-grey-0.jpg,stealth15m-grey-0.jpg,,Default,simple,"Root,Root/Laptop,Root/Laptop/MSI",base,MSI Stealth 15M A11,Taxable Goods,"Catalog, Search",1525.58,stealth15m-grey-0.,MSI Stealth 15M A11,41
Acer Nitro 5 15'' 2021 (AMD),Acer Nitro 5 15'' 2021 (AMD),nitro5-2020-00.jpg,nitro5-2020-00.jpg,nitro5-2020-00.jpg,nitro5-2020-00.jpg,,Default,simple,"Root,Root/Laptop,Root/Laptop/Acer",base,Acer Nitro 5 15'' 2021 (AMD),Taxable Goods,"Catalog, Search",1024.18,nitro5-2020-00.,Acer Nitro 5 15'' 2021 (AMD),41
HP ProBook 440 G8 (Chính hãng),HP ProBook 440 G8 (Chính hãng),440g8-0.jpg,440g8-0.jpg,440g8-0.jpg,440g8-0.jpg,,Default,simple,"Root,Root/Laptop,Root/Laptop/HP",base,HP ProBook 440 G8 (Chính hãng),Taxable Goods,"Catalog, Search",827.97,440g8-0.,HP ProBook 440 G8 (Chính hãng),26
Lenovo IdeaPad 5 14 AMD (Chính hãng),Lenovo IdeaPad 5 14 AMD (Chính hãng),ideapad514-graphite-0.jpg,ideapad514-graphite-0.jpg,ideapad514-graphite-0.jpg,ideapad514-graphite-0.jpg,,Default,simple,"Root,Root/Laptop,Root/Laptop/Lenovo",base,Lenovo IdeaPad 5 14 AMD (Chính hãng),Taxable Goods,"Catalog, Search",814.89,ideapad514-graphite-0.,Lenovo IdeaPad 5 14 AMD (Chính hãng),35
Dell Vostro 14 3405 (Chính hãng),Dell Vostro 14 3405 (Chính hãng),v3405_00.png,v3405_00.png,v3405_00.png,v3405_00.png,,Default,simple,"Root,Root/Laptop,Root/Laptop/Dell",base,Dell Vostro 14 3405 (Chính hãng),Taxable Goods,"Catalog, Search",697.17,v3405_00.,Dell Vostro 14 3405 (Chính hãng),20
Asus Vivobook 15 A515,Asus Vivobook 15 A515,A515sil_00.jpg,A515sil_00.jpg,A515sil_00.jpg,A515sil_00.jpg,,Default,simple,"Root,Root/Laptop,Root/Laptop/Asus",base,Asus Vivobook 15 A515,Taxable Goods,"Catalog, Search",627.85,A515sil_00.,Asus Vivobook 15 A515,35
MSI Pulse GL66,MSI Pulse GL66,gl66-0.jpg,gl66-0.jpg,gl66-0.jpg,gl66-0.jpg,,Default,simple,"Root,Root/Laptop,Root/Laptop/MSI",base,MSI Pulse GL66,Taxable Goods,"Catalog, Search",1656.38,gl66-0.,MSI Pulse GL66,29
Acer Nitro 5 15'' (Intel Gen 11),Acer Nitro 5 15'' (Intel Gen 11),nitro5-2020-00.jpg,nitro5-2020-00.jpg,nitro5-2020-00.jpg,nitro5-2020-00.jpg,,Default,simple,"Root,Root/Laptop,Root/Laptop/Acer",base,Acer Nitro 5 15'' (Intel Gen 11),Taxable Goods,"Catalog, Search",1045.98,nitro5-2020-00.,Acer Nitro 5 15'' (Intel Gen 11),44
HP ZBook Studio G3,HP ZBook Studio G3,hp-zbook-studio-g3.jpg,hp-zbook-studio-g3.jpg,hp-zbook-studio-g3.jpg,hp-zbook-studio-g3.jpg,,Default,simple,"Root,Root/Laptop,Root/Laptop/HP",base,HP ZBook Studio G3,Taxable Goods,"Catalog, Search",871.57,hp-zbook-studio-g3.,HP ZBook Studio G3,26
Lenovo ThinkPad T490,Lenovo ThinkPad T490,lenovo-thinkpad-t490.jpg,lenovo-thinkpad-t490.jpg,lenovo-thinkpad-t490.jpg,lenovo-thinkpad-t490.jpg,,Default,simple,"Root,Root/Laptop,Root/Laptop/Lenovo",base,Lenovo ThinkPad T490,Taxable Goods,"Catalog, Search",827.97,lenovo-thinkpad-t490.,Lenovo ThinkPad T490,38
Dell Latitude 3410 (Chính hãng),Dell Latitude 3410 (Chính hãng),l3410-0.jpg,l3410-0.jpg,l3410-0.jpg,l3410-0.jpg,,Default,simple,"Root,Root/Laptop,Root/Laptop/Dell",base,Dell Latitude 3410 (Chính hãng),Taxable Goods,"Catalog, Search",758.21,l3410-0.,Dell Latitude 3410 (Chính hãng),47
Asus Vivobook Flip 14 TP470 (Intel),Asus Vivobook Flip 14 TP470 (Intel),tp470-silver-0.jpg,tp470-silver-0.jpg,tp470-silver-0.jpg,tp470-silver-0.jpg,,Default,simple,"Root,Root/Laptop,Root/Laptop/Asus",base,Asus Vivobook Flip 14 TP470 (Intel),Taxable Goods,"Catalog, Search",697.17,tp470-silver-0.,Asus Vivobook Flip 14 TP470 (Intel),29
MSI Summit E13 Flip Evo,MSI Summit E13 Flip Evo,msi-nb-summit-e13-flip-ink-black-photo02.jpg,msi-nb-summit-e13-flip-ink-black-photo02.jpg,msi-nb-summit-e13-flip-ink-black-photo02.jpg,msi-nb-summit-e13-flip-ink-black-photo02.jpg,,Default,simple,"Root,Root/Laptop,Root/Laptop/MSI",base,MSI Summit E13 Flip Evo,Taxable Goods,"Catalog, Search",1743.59,msi-nb-summit-e13-flip-ink-black-photo02.,MSI Summit E13 Flip Evo,32
Acer Swift 5 14 (Chính hãng),Acer Swift 5 14 (Chính hãng),swift514_00gold.jpg,swift514_00gold.jpg,swift514_00gold.jpg,swift514_00gold.jpg,,Default,simple,"Root,Root/Laptop,Root/Laptop/Acer",base,Acer Swift 5 14 (Chính hãng),Taxable Goods,"Catalog, Search",1133.18,swift514_00gold.,Acer Swift 5 14 (Chính hãng),47
HP Envy 13 (Chính hãng),HP Envy 13 (Chính hãng),envy132020_00.jpg,envy132020_00.jpg,envy132020_00.jpg,envy132020_00.jpg,,Default,simple,"Root,Root/Laptop,Root/Laptop/HP",base,HP Envy 13 (Chính hãng),Taxable Goods,"Catalog, Search",958.78,envy132020_00.,HP Envy 13 (Chính hãng),32
Lenovo ThinkPad X390,Lenovo ThinkPad X390,lenovo-thinkpad-x390.jpg,lenovo-thinkpad-x390.jpg,lenovo-thinkpad-x390.jpg,lenovo-thinkpad-x390.jpg,,Default,simple,"Root,Root/Laptop,Root/Laptop/Lenovo",base,Lenovo ThinkPad X390,Taxable Goods,"Catalog, Search",827.97,lenovo-thinkpad-x390.,Lenovo ThinkPad X390,26
Dell Latitude 7490,Dell Latitude 7490,dell-latitude-7490.jpg,dell-latitude-7490.jpg,dell-latitude-7490.jpg,dell-latitude-7490.jpg,,Default,simple,"Root,Root/Laptop,Root/Laptop/Dell",base,Dell Latitude 7490,Taxable Goods,"Catalog, Search",718.97,dell-latitude-7490.,Dell Latitude 7490,29
Asus Vivobook Flip 14 TM420,Asus Vivobook Flip 14 TM420,tm420re-0.jpg,tm420re-0.jpg,tm420re-0.jpg,tm420re-0.jpg,,Default,simple,"Root,Root/Laptop,Root/Laptop/Asus",base,Asus Vivobook Flip 14 TM420,Taxable Goods,"Catalog, Search",740.77,tm420re-0.,Asus Vivobook Flip 14 TM420,32
MSI Prestige 15 A11,MSI Prestige 15 A11,msi_prestige15a11gr_00.jpg,msi_prestige15a11gr_00.jpg,msi_prestige15a11gr_00.jpg,msi_prestige15a11gr_00.jpg,,Default,simple,"Root,Root/Laptop,Root/Laptop/MSI",base,MSI Prestige 15 A11,Taxable Goods,"Catalog, Search",1961.59,msi_prestige15a11gr_00.,MSI Prestige 15 A11,26
Acer Nitro 5 2021 (Intel H45),Acer Nitro 5 2021 (Intel H45),acer-nitro5-2021-1.jpg,acer-nitro5-2021-1.jpg,acer-nitro5-2021-1.jpg,acer-nitro5-2021-1.jpg,,Default,simple,"Root,Root/Laptop,Root/Laptop/Acer",base,Acer Nitro 5 2021 (Intel H45),Taxable Goods,"Catalog, Search",1068.21,acer-nitro5-2021-1.,Acer Nitro 5 2021 (Intel H45),44
HP Pavilion 14 (Intel Gen 11),HP Pavilion 14 (Intel Gen 11),pavi14g11gold-00.jpg,pavi14g11gold-00.jpg,pavi14g11gold-00.jpg,pavi14g11gold-00.jpg,,Default,simple,"Root,Root/Laptop,Root/Laptop/HP",base,HP Pavilion 14 (Intel Gen 11),Taxable Goods,"Catalog, Search",980.58,pavi14g11gold-00.,HP Pavilion 14 (Intel Gen 11),41
Lenovo Ideapad S540-13IML,Lenovo Ideapad S540-13IML,lenovo-ideapad-s540-iron-grey-gallery-1.jpg,lenovo-ideapad-s540-iron-grey-gallery-1.jpg,lenovo-ideapad-s540-iron-grey-gallery-1.jpg,lenovo-ideapad-s540-iron-grey-gallery-1.jpg,,Default,simple,"Root,Root/Laptop,Root/Laptop/Lenovo",base,Lenovo Ideapad S540-13IML,Taxable Goods,"Catalog, Search",827.97,lenovo-ideapad-s540-iron-grey-gallery-1.,Lenovo Ideapad S540-13IML,35
Dell Latitude 7300,Dell Latitude 7300,dell-latitude-7310.jpg,dell-latitude-7310.jpg,dell-latitude-7310.jpg,dell-latitude-7310.jpg,,Default,simple,"Root,Root/Laptop,Root/Laptop/Dell",base,Dell Latitude 7300,Taxable Goods,"Catalog, Search",806.17,dell-latitude-7310.,Dell Latitude 7300,26
ASUS VivoBook 14 X415,ASUS VivoBook 14 X415,x409-00.jpg,x409-00.jpg,x409-00.jpg,x409-00.jpg,,Default,simple,"Root,Root/Laptop,Root/Laptop/Asus",base,ASUS VivoBook 14 X415,Taxable Goods,"Catalog, Search",741.21,x409-00.,ASUS VivoBook 14 X415,38
MSI Summit E16 Flip,MSI Summit E16 Flip,msi-nb-summit-e16-flip-photo02.jpg,msi-nb-summit-e16-flip-photo02.jpg,msi-nb-summit-e16-flip-photo02.jpg,msi-nb-summit-e16-flip-photo02.jpg,,Default,simple,"Root,Root/Laptop,Root/Laptop/MSI",base,MSI Summit E16 Flip,Taxable Goods,"Catalog, Search",2048.79,msi-nb-summit-e16-flip-photo02.,MSI Summit E16 Flip,41
Acer Swift X 2021,Acer Swift X 2021,swift-x-sfx14-41g-fpbl-sfg-03a.jpg,swift-x-sfx14-41g-fpbl-sfg-03a.jpg,swift-x-sfx14-41g-fpbl-sfg-03a.jpg,swift-x-sfx14-41g-fpbl-sfg-03a.jpg,,Default,simple,"Root,Root/Laptop,Root/Laptop/Acer",base,Acer Swift X 2021,Taxable Goods,"Catalog, Search",1307.58,swift-x-sfx14-41g-fpbl-sfg-03a.,Acer Swift X 2021,23
HP Envy 13 X360,HP Envy 13 X360,hp-envy-13-2-in-1-2021.jpg,hp-envy-13-2-in-1-2021.jpg,hp-envy-13-2-in-1-2021.jpg,hp-envy-13-2-in-1-2021.jpg,,Default,simple,"Root,Root/Laptop,Root/Laptop/HP",base,HP Envy 13 X360,Taxable Goods,"Catalog, Search",1002.38,hp-envy-13-2-in-1-2021.,HP Envy 13 X360,26
Lenovo IdeaPad 5 15 (Chính hãng - Intel gen 11),Lenovo IdeaPad 5 15 (Chính hãng - Intel gen 11),ideapad-5-15itl05-ct2-01-82fg00m5vn-xanh-thinkpro.jpg,ideapad-5-15itl05-ct2-01-82fg00m5vn-xanh-thinkpro.jpg,ideapad-5-15itl05-ct2-01-82fg00m5vn-xanh-thinkpro.jpg,ideapad-5-15itl05-ct2-01-82fg00m5vn-xanh-thinkpro.jpg,,Default,simple,"Root,Root/Laptop,Root/Laptop/Lenovo",base,Lenovo IdeaPad 5 15 (Chính hãng - Intel gen 11),Taxable Goods,"Catalog, Search",849.77,ideapad-5-15itl05-ct2-01-82fg00m5vn-xanh-thinkpro.,Lenovo IdeaPad 5 15 (Chính hãng - Intel gen 11),29
Dell Vostro 13 5301,Dell Vostro 13 5301,V5301_00.jpg,V5301_00.jpg,V5301_00.jpg,V5301_00.jpg,,Default,simple,"Root,Root/Laptop,Root/Laptop/Dell",base,Dell Vostro 13 5301,Taxable Goods,"Catalog, Search",845.41,V5301_00.,Dell Vostro 13 5301,47
Asus Vivobook S14 S433 (Intel Gen 11),Asus Vivobook S14 S433 (Intel Gen 11),s433bla_00.jpg,s433bla_00.jpg,s433bla_00.jpg,s433bla_00.jpg,,Default,simple,"Root,Root/Laptop,Root/Laptop/Asus",base,Asus Vivobook S14 S433 (Intel Gen 11),Taxable Goods,"Catalog, Search",814.89,s433bla_00.,Asus Vivobook S14 S433 (Intel Gen 11),26
MSI GP76 Leopard (Intel Gen 11),MSI GP76 Leopard (Intel Gen 11),gp76-0-11th.jpg,gp76-0-11th.jpg,gp76-0-11th.jpg,gp76-0-11th.jpg,,Default,simple,"Root,Root/Laptop,Root/Laptop/MSI",base,MSI GP76 Leopard (Intel Gen 11),Taxable Goods,"Catalog, Search",2310.39,gp76-0-11th.,MSI GP76 Leopard (Intel Gen 11),35
Acer Predator Helios 300 2021,Acer Predator Helios 300 2021,helios-300-thinkpro-1.jpg,helios-300-thinkpro-1.jpg,helios-300-thinkpro-1.jpg,helios-300-thinkpro-1.jpg,,Default,simple,"Root,Root/Laptop,Root/Laptop/Acer",base,Acer Predator Helios 300 2021,Taxable Goods,"Catalog, Search",1481.98,helios-300-thinkpro-1.,Acer Predator Helios 300 2021,47
HP Victus Gaming 16 (Chính hãng),HP Victus Gaming 16 (Chính hãng),21c1-victus-calhoun-16-60w-lcd-micasilver-nt-hdcam-nonodd-win-10-coreset-front-thinkpro-1.jpg,21c1-victus-calhoun-16-60w-lcd-micasilver-nt-hdcam-nonodd-win-10-coreset-front-thinkpro-1.jpg,21c1-victus-calhoun-16-60w-lcd-micasilver-nt-hdcam-nonodd-win-10-coreset-front-thinkpro-1.jpg,21c1-victus-calhoun-16-60w-lcd-micasilver-nt-hdcam-nonodd-win-10-coreset-front-thinkpro-1.jpg,,Default,simple,"Root,Root/Laptop,Root/Laptop/HP",base,HP Victus Gaming 16 (Chính hãng),Taxable Goods,"Catalog, Search",1002.38,21c1-victus-calhoun-16-60w-lcd-micasilver-nt-hdcam-nonodd-win-10-coreset-front-thinkpro-1.,HP Victus Gaming 16 (Chính hãng),47
Lenovo IdeaPad 5 14 (Chính hãng - Intel Gen 11),Lenovo IdeaPad 5 14 (Chính hãng - Intel Gen 11),ideapad514_platgr_00.jpg,ideapad514_platgr_00.jpg,ideapad514_platgr_00.jpg,ideapad514_platgr_00.jpg,,Default,simple,"Root,Root/Laptop,Root/Laptop/Lenovo",base,Lenovo IdeaPad 5 14 (Chính hãng - Intel Gen 11),Taxable Goods,"Catalog, Search",858.49,ideapad514_platgr_00.,Lenovo IdeaPad 5 14 (Chính hãng - Intel Gen 11),20
Dell Latitude 5410,Dell Latitude 5410,dell-latitude-5410.jpg,dell-latitude-5410.jpg,dell-latitude-5410.jpg,dell-latitude-5410.jpg,,Default,simple,"Root,Root/Laptop,Root/Laptop/Dell",base,Dell Latitude 5410,Taxable Goods,"Catalog, Search",740.77,dell-latitude-5410.,Dell Latitude 5410,32
ASUS Vivobook 15 M513 OLED,ASUS Vivobook 15 M513 OLED,asus-vivobook-m513-l1221t-oled-thinkpro.jpg,asus-vivobook-m513-l1221t-oled-thinkpro.jpg,asus-vivobook-m513-l1221t-oled-thinkpro.jpg,asus-vivobook-m513-l1221t-oled-thinkpro.jpg,,Default,simple,"Root,Root/Laptop,Root/Laptop/Asus",base,ASUS Vivobook 15 M513 OLED,Taxable Goods,"Catalog, Search",819.25,asus-vivobook-m513-l1221t-oled-thinkpro.,ASUS Vivobook 15 M513 OLED,20
MSI GE66 Raider (Intel Gen 11),MSI GE66 Raider (Intel Gen 11),ge66-0.jpg,ge66-0.jpg,ge66-0.jpg,ge66-0.jpg,,Default,simple,"Root,Root/Laptop,Root/Laptop/MSI",base,MSI GE66 Raider (Intel Gen 11),Taxable Goods,"Catalog, Search",2615.6,ge66-0.,MSI GE66 Raider (Intel Gen 11),26
HP Spectre 13 X360 2020,HP Spectre 13 X360 2020,spectrex36020sil-00.jpg,spectrex36020sil-00.jpg,spectrex36020sil-00.jpg,spectrex36020sil-00.jpg,,Default,simple,"Root,Root/Laptop,Root/Laptop/HP",base,HP Spectre 13 X360 2020,Taxable Goods,"Catalog, Search",1089.58,spectrex36020sil-00.,HP Spectre 13 X360 2020,32
Lenovo ThinkPad T490s,Lenovo ThinkPad T490s,lenovo-thinkpad-t490s.jpg,lenovo-thinkpad-t490s.jpg,lenovo-thinkpad-t490s.jpg,lenovo-thinkpad-t490s.jpg,,Default,simple,"Root,Root/Laptop,Root/Laptop/Lenovo",base,Lenovo ThinkPad T490s,Taxable Goods,"Catalog, Search",915.18,lenovo-thinkpad-t490s.,Lenovo ThinkPad T490s,44
Asus Vivobook S15 S533 (Intel Gen 11),Asus Vivobook S15 S533 (Intel Gen 11),s533wh-00jpg.jpg,s533wh-00jpg.jpg,s533wh-00jpg.jpg,s533wh-00jpg.jpg,,Default,simple,"Root,Root/Laptop,Root/Laptop/Asus",base,Asus Vivobook S15 S533 (Intel Gen 11),Taxable Goods,"Catalog, Search",862.85,s533wh-00jpg.,Asus Vivobook S15 S533 (Intel Gen 11),29
MSI GS66 Stealth (Intel Gen 11),MSI GS66 Stealth (Intel Gen 11),gs66-0-gen11.jpg,gs66-0-gen11.jpg,gs66-0-gen11.jpg,gs66-0-gen11.jpg,,Default,simple,"Root,Root/Laptop,Root/Laptop/MSI",base,MSI GS66 Stealth (Intel Gen 11),Taxable Goods,"Catalog, Search",2833.6,gs66-0-gen11.,MSI GS66 Stealth (Intel Gen 11),29
HP Victus 16,HP Victus 16,hp-victus.jpg,hp-victus.jpg,hp-victus.jpg,hp-victus.jpg,,Default,simple,"Root,Root/Laptop,Root/Laptop/HP",base,HP Victus 16,Taxable Goods,"Catalog, Search",1045.98,hp-victus.,HP Victus 16,29
Lenovo ThinkPad T590,Lenovo ThinkPad T590,lenovo-thinkpad-t590.jpg,lenovo-thinkpad-t590.jpg,lenovo-thinkpad-t590.jpg,lenovo-thinkpad-t590.jpg,,Default,simple,"Root,Root/Laptop,Root/Laptop/Lenovo",base,Lenovo ThinkPad T590,Taxable Goods,"Catalog, Search",958.78,lenovo-thinkpad-t590.,Lenovo ThinkPad T590,41
Asus Vivobook 15 A515 OLED,Asus Vivobook 15 A515 OLED,asus-vivobook-a515-oled-thinkpro.jpg,asus-vivobook-a515-oled-thinkpro.jpg,asus-vivobook-a515-oled-thinkpro.jpg,asus-vivobook-a515-oled-thinkpro.jpg,,Default,simple,"Root,Root/Laptop,Root/Laptop/Asus",base,Asus Vivobook 15 A515 OLED,Taxable Goods,"Catalog, Search",854.13,asus-vivobook-a515-oled-thinkpro.,Asus Vivobook 15 A515 OLED,32
MSI GE76 Raider (Intel Gen 11),MSI GE76 Raider (Intel Gen 11),ge76-0.jpg,ge76-0.jpg,ge76-0.jpg,ge76-0.jpg,,Default,simple,"Root,Root/Laptop,Root/Laptop/MSI",base,MSI GE76 Raider (Intel Gen 11),Taxable Goods,"Catalog, Search",4795.62,ge76-0.,MSI GE76 Raider (Intel Gen 11),23
HP Omen 15 2020 (AMD),HP Omen 15 2020 (AMD),omen1520-0.jpg,omen1520-0.jpg,omen1520-0.jpg,omen1520-0.jpg,,Default,simple,"Root,Root/Laptop,Root/Laptop/HP",base,HP Omen 15 2020 (AMD),Taxable Goods,"Catalog, Search",1198.58,omen1520-0.,HP Omen 15 2020 (AMD),35
Lenovo ThinkPad L13 (Chính hãng),Lenovo ThinkPad L13 (Chính hãng),ThinkPad_L13_00.jpg,ThinkPad_L13_00.jpg,ThinkPad_L13_00.jpg,ThinkPad_L13_00.jpg,,Default,simple,"Root,Root/Laptop,Root/Laptop/Lenovo",base,Lenovo ThinkPad L13 (Chính hãng),Taxable Goods,"Catalog, Search",871.57,ThinkPad_L13_00.,Lenovo ThinkPad L13 (Chính hãng),20
ASUS TUF Gaming F15 2021 (Chính hãng),ASUS TUF Gaming F15 2021 (Chính hãng),fa506-fx506-21-badge-eclipsegrey.jpg,fa506-fx506-21-badge-eclipsegrey.jpg,fa506-fx506-21-badge-eclipsegrey.jpg,fa506-fx506-21-badge-eclipsegrey.jpg,,Default,simple,"Root,Root/Laptop,Root/Laptop/Asus",base,ASUS TUF Gaming F15 2021 (Chính hãng),Taxable Goods,"Catalog, Search",936.98,fa506-fx506-21-badge-eclipsegrey.,ASUS TUF Gaming F15 2021 (Chính hãng),32
Lenovo IdeaPad Gaming 3 AMD (Chính hãng),Lenovo IdeaPad Gaming 3 AMD (Chính hãng),ideapadgm3-black-0.jpg,ideapadgm3-black-0.jpg,ideapadgm3-black-0.jpg,ideapadgm3-black-0.jpg,,Default,simple,"Root,Root/Laptop,Root/Laptop/Lenovo",base,Lenovo IdeaPad Gaming 3 AMD (Chính hãng),Taxable Goods,"Catalog, Search",871.57,ideapadgm3-black-0.,Lenovo IdeaPad Gaming 3 AMD (Chính hãng),20
Asus Zenbook Q408UG,Asus Zenbook Q408UG,asus-zenbook-q408ug.jpg,asus-zenbook-q408ug.jpg,asus-zenbook-q408ug.jpg,asus-zenbook-q408ug.jpg,,Default,simple,"Root,Root/Laptop,Root/Laptop/Asus",base,Asus Zenbook Q408UG,Taxable Goods,"Catalog, Search",871.57,asus-zenbook-q408ug.,Asus Zenbook Q408UG,23
Asus Vivobook 14 Pro OLED,Asus Vivobook 14 Pro OLED,asus-vivobook-pro-oled-m3500qc-thinkpro.jpg,asus-vivobook-pro-oled-m3500qc-thinkpro.jpg,asus-vivobook-pro-oled-m3500qc-thinkpro.jpg,asus-vivobook-pro-oled-m3500qc-thinkpro.jpg,,Default,simple,"Root,Root/Laptop,Root/Laptop/Asus",base,Asus Vivobook 14 Pro OLED,Taxable Goods,"Catalog, Search",1002.38,asus-vivobook-pro-oled-m3500qc-thinkpro.,Asus Vivobook 14 Pro OLED,26
ASUS ZENBOOK 13 UX325 OLED,ASUS ZENBOOK 13 UX325 OLED,asus-zenbook-ux325-oled-thinkpro.jpg,asus-zenbook-ux325-oled-thinkpro.jpg,asus-zenbook-ux325-oled-thinkpro.jpg,asus-zenbook-ux325-oled-thinkpro.jpg,,Default,simple,"Root,Root/Laptop,Root/Laptop/Asus",base,ASUS ZENBOOK 13 UX325 OLED,Taxable Goods,"Catalog, Search",1059.06,asus-zenbook-ux325-oled-thinkpro.,ASUS ZENBOOK 13 UX325 OLED,35
